Post ID,Title,Body,Upvotes,URL,Created UTC,Number of Comments
kavim2,Nvidia have banned Hardware Unboxed from receiving founders edition review samples,,31587,https://i.imgur.com/GKUr6G8.png,2020-12-11 04:17:09,3475
ioyjk6,RTX 3090 vs. 3080 vs. 3070,,26435,https://i.imgur.com/hx14xTj.jpg,2020-09-08 17:59:18,1552
ixtno6,NVIDIA added captcha to the checkout page!,,23329,https://i.redd.it/mbi4saylwqo51.png,2020-09-22 18:51:14,1047
kbi2jt,JayzTwoCents take on the Hardware Unboxed Early Review Ban,,19741,https://i.redd.it/f4q0xx9tgo461.jpg,2020-12-12 03:44:25,1771
kaf636,Cyberpunk 2077 looks absolutely beautiful in 1440p UW with an RTX 3080,,17123,https://i.redd.it/xef23t522d461.jpg,2020-12-10 13:22:08,1657
ivi4qm,"üó£Ô∏è üîä The message is clear: ""PLEASE DO NOT PAY MORE FOR AN RTX 3080 THAN THE MSRP... Paying inflated prices only incentivizes the scalpers. Please be patient, wait for restocking of authorized retailers, and help the community dry up this grey market.""",,16548,https://www.pcgamer.com/frustrated-gamers-are-battling-ebay-scalpers-with-fake-dollar50000-bids-and-rtx-3080-paper-editions/,2020-09-19 00:28:30,1286
ilsyig,This is how ROG 3090 looks like when installed on a mobo,,15184,https://i.redd.it/iiwpo9r7lxk51.jpg,2020-09-03 13:02:27,1153
7esyra,"Battlefront II might not give you a sense of pride and accomplishment, but saving Net Neutrality will",,15046,https://www.battleforthenet.com,2017-11-22 18:12:33,129
j1a74h,All ready to start firen mah lazor!,,13892,https://i.redd.it/wwb699n9ivp51.jpg,2020-09-28 11:23:02,393
locqcl,NVIDIA pretends to care about gamers.,,13778,https://www.youtube.com/watch?v=XfIibTBaoMM,2021-02-20 18:03:15,1622
