post_id,comment_id,title,body,subreddit,upvotes,comments,date_time,author
1hjxila,,For anyone anxious about their job because of o3 results. ,"This is what 34 seconds of “reasoning” get you from your 200 dollars a month subscription. (No access to o3 yet, so this is o1)
(Credit to Tibor Blaho) ",OpenAI,1065,420,2024-12-22 12:25:30,CatchAlternative724
1huo5zg,,What the fuck is happening behind the scenes of this company? What lies beyond o3?,,singularity,1170,740,2025-01-06 02:13:15,Glittering-Neck-2505
1hir24l,,OpenAI o3 is equivalent to the #175 best human competitive coder on the planet.,,OpenAI,1963,564,2024-12-20 19:03:37,MetaKnowing
1i49129,,o3 and o3Pro are coming - much smarter than o1Pro,"o3 described as MUCH smarter than o1Pro, which is already a very smart reasoner.

o3 Pro suggested to be incredible.

In my experience, o1 is the first model that feels like a worthy companion for cognitive sparring - still failing sometimes, but smart.

I guess o3 will be the inflection point: most of us will have a 24/7/365 colleague available for $20 a month.",singularity,511,161,2025-01-18 14:46:26,Eyeswideshut_91
1hipu2s,,o3's score on ARC-AGI is ridiculous....,,singularity,763,304,2024-12-20 18:08:55,Mirrorslash
